{
  "variant_a": {
    "features": [
      "f_noise",
      "f_emoji",
      "f_length",
      "f_num",
      "f_money",
      "f_date",
      "f_mod",
      "f_nl",
      "f_bul",
      "f_excl",
      "f_caps",
      "f_arou",
      "f_life"
    ],
    "weights": [
      -0.4411296461151496,
      -0.6081408652076288,
      10.299298256535684,
      3.8337513651226787,
      0.9535180579411616,
      1.3297084523552969,
      0.0,
      0.0,
      0.0,
      -0.23223232546248773,
      0.023036141303858733,
      -0.23560091327389857,
      0.15615958533698557
    ],
    "bias": -5.611747343878448,
    "training_auc": 0.8708
  },
  "variant_e": {
    "features": [
      "f_length",
      "f_noise",
      "f_caps_words",
      "f_life_events",
      "f_arousal",
      "f_commitment",
      "f_numbers",
      "f_money",
      "f_proper_nouns",
      "f_exclamation",
      "f_question",
      "f_update_verb",
      "f_short_dense",
      "f_emoji_only",
      "f_category_boost"
    ],
    "weights": [
      9.423519874042109,
      -0.4093657858974535,
      -1.163530348588589,
      0.005328412295287143,
      -0.2927608163764865,
      2.8536146699893776,
      3.2960961661580868,
      0.42098305183517565,
      2.3031724916783696,
      -0.4898478241415298,
      -1.5628633629388489,
      1.3166390404298722,
      -0.0019198775835078713,
      -0.17161476985647112,
      -0.022351375710631526
    ],
    "bias": -5.299746555815185,
    "training_auc": 0.8919
  }
}